[
    {
        "name": "illum aspernatur laudantium",
        "description": "<p>Veniam tenetur suscipit. Adipisci error nobis voluptates distinctio expedita et quae facilis ut. Vel natus qui corporis non ratione exercitationem qui dolor voluptatem. Quae ratione unde tempora odio beatae animi animi totam tempore. In tempora mollitia eum. Inventore placeat doloremque quis magnam autem nesciunt qui aut laudantium.</p><p>Tempore esse commodi. Rerum rerum eum. Blanditiis fugit modi ullam rerum sequi sunt a debitis vel. Harum saepe enim maiores non sit magnam numquam natus. Distinctio illo aut quos sit quibusdam nihil sed.</p>",
        "image": "http://lorempixel.com/640/480/food",
        "nonVeg": false,
        "spicy": true
    },
    {
        "name": "eveniet autem sit",
        "description": "<p>Recusandae iusto alias sunt excepturi. Molestiae atque ad voluptatem sint optio repudiandae ut sit iusto. Est incidunt assumenda voluptatem ullam. Aut libero harum doloribus nisi. Quo aut ratione eum. Dolorem est est rerum sit voluptas animi quia.</p><p>Possimus fugiat possimus illum molestias neque magni aspernatur. Illum voluptatem tenetur est et non. Quidem atque similique ut.</p>",
        "image": "http://lorempixel.com/640/480/food",
        "nonVeg": true,
        "spicy": false
    },
    {
        "name": "est alias veritatis",
        "description": "<p>Qui ut voluptatem numquam. Minima voluptates quibusdam. Quis atque esse iure ut fugit. Dicta asperiores eveniet velit nemo cumque dolorum tenetur. Minima veritatis animi error et deserunt sit omnis possimus beatae. Ducimus aspernatur voluptas corrupti aliquid beatae.</p><p>Assumenda enim magnam velit odio vel aut quia aperiam perferendis. Est cumque quasi in error iure omnis quibusdam qui. Quo sapiente laudantium. Ea assumenda aut rerum eius harum. Ea quae unde quia vel mollitia iure dolores.</p>",
        "image": "http://lorempixel.com/640/480/food",
        "nonVeg": false,
        "spicy": false
    },
    {
        "name": "est aut molestias",
        "description": "<p>Quasi praesentium rerum vitae. Placeat deserunt impedit aut sit. Est nihil iure. Iste voluptatum dolorem aperiam doloribus necessitatibus blanditiis.</p><p>Magni debitis adipisci. Et ad sit vitae voluptas mollitia quis molestiae accusamus unde. Accusantium commodi atque quae corporis ut quis. Sapiente impedit deleniti labore recusandae officia. Iure officia dicta consequatur vel. Eum perspiciatis dolores.</p>",
        "image": "http://lorempixel.com/640/480/food",
        "nonVeg": true,
        "spicy": true
    },
    {
        "name": "esse ut eius",
        "description": "<p>Et non odio. Expedita sunt temporibus voluptatem earum exercitationem iusto eligendi. Illum quia accusantium nostrum aspernatur eligendi. Rem quisquam distinctio maiores ut aut culpa est ratione ex. Occaecati quasi inventore sint fugit aut et. Enim dignissimos aspernatur et sequi vel.</p><p>Quasi unde error eos sunt minima magni harum. Voluptatibus possimus molestiae ad aut possimus. Fuga asperiores dolor nulla ad. Nobis quia dolorem perspiciatis quaerat quia quos itaque quos deleniti. Alias voluptatem et ut dicta maxime. Velit quas dolores omnis vel est rerum officia blanditiis.</p>",
        "image": "http://lorempixel.com/640/480/food",
        "nonVeg": true,
        "spicy": false
    },
    {
        "name": "earum reiciendis qui",
        "description": "<p>Ipsa qui ducimus voluptatem eos laborum sunt. Cumque atque expedita ut. Qui vel nihil.</p><p>Ut distinctio quos possimus nisi libero reprehenderit necessitatibus id. Et rerum repellendus consequatur. Accusantium eaque cumque mollitia reiciendis vel laboriosam. Ullam sit velit consequatur in asperiores voluptas.</p>",
        "image": "http://lorempixel.com/640/480/food",
        "nonVeg": true,
        "spicy": true
    },
    {
        "name": "sed ipsam sunt",
        "description": "<p>Quo eum est non. Temporibus veritatis expedita dolore illo cum recusandae et. Sint nam alias et. Tempore doloribus assumenda placeat enim corporis. Temporibus culpa nemo dolor placeat mollitia voluptatum nesciunt aliquam.</p><p>Animi expedita nobis reiciendis praesentium aliquid incidunt enim quam voluptas. Doloribus molestiae mollitia cumque placeat officia vel et doloremque. Aut itaque harum consequatur omnis. Fuga fugiat deserunt quasi architecto provident.</p>",
        "image": "http://lorempixel.com/640/480/food",
        "nonVeg": true,
        "spicy": true
    },
    {
        "name": "praesentium tempore minus",
        "description": "<p>Corporis quod aut nihil qui asperiores a dicta libero. Sed excepturi dolores voluptatum ut. Cupiditate pariatur dolor eos.</p><p>Ut et sapiente. Ea repellendus deserunt error voluptas eos. Eum assumenda voluptatem alias repellat earum ipsa repellat. Fuga consectetur voluptatem nemo. Ipsam perspiciatis id et eaque quae sit. In fugit alias a eum provident qui.</p>",
        "image": "http://lorempixel.com/640/480/food",
        "nonVeg": false,
        "spicy": false
    },
    {
        "name": "recusandae nisi laborum",
        "description": "<p>Corporis necessitatibus laboriosam minus consequatur maiores. Aperiam odio porro. Deleniti aut odit odit. Qui eos incidunt esse laborum quia dolorum dolores corrupti consequuntur. Est praesentium ratione corporis vero.</p><p>Pariatur enim sed voluptatum. Non ut voluptatem quae cumque dolores magnam alias. Exercitationem natus ipsa sed voluptates est. Qui repellat repellat qui sunt dolorum et non voluptatem.</p>",
        "image": "http://lorempixel.com/640/480/food",
        "nonVeg": false,
        "spicy": false
    },
    {
        "name": "tenetur porro sint",
        "description": "<p>Commodi et sint sed nam quaerat. Est aspernatur dolores adipisci reiciendis atque sed. Consequatur qui ipsam qui molestias. Deserunt velit omnis. Totam nostrum ut tempora deleniti id. Harum modi eum nostrum.</p><p>Consequatur deleniti consequatur aliquid impedit. Veniam veritatis minus corporis quia non dolores hic omnis magni. Accusamus deleniti earum omnis. Eum ea tempore quaerat ut quia dignissimos animi.</p>",
        "image": "http://lorempixel.com/640/480/food",
        "nonVeg": true,
        "spicy": true
    },
    {
        "name": "tempora minima nisi",
        "description": "<p>Voluptatem similique ut quasi quis quo qui. Enim ea sint. Aut autem rerum. Delectus neque voluptas omnis sunt animi amet et cum ut. Atque veritatis maxime sit corporis sapiente reprehenderit ipsam. Repellendus animi qui eligendi aliquam.</p><p>Repellat porro odio sit voluptatem architecto doloremque et dolore. Corporis quis enim. Repudiandae illum aut corrupti. Illo et ipsam laudantium et earum modi.</p>",
        "image": "http://lorempixel.com/640/480/food",
        "nonVeg": true,
        "spicy": true
    },
    {
        "name": "enim distinctio eum",
        "description": "<p>Hic temporibus aut omnis. Voluptatem consequatur eum laboriosam voluptatem reprehenderit. Voluptas sint itaque porro consectetur et asperiores eum. Aut maxime et. Exercitationem sit ut et amet quam quia eum voluptas distinctio. Quo itaque voluptates.</p><p>Ut impedit sequi ratione repudiandae repellendus odio totam inventore aliquam. Fugit vel neque numquam perspiciatis dolore aut odit incidunt. Earum laboriosam eos ea. Debitis quis asperiores.</p>",
        "image": "http://lorempixel.com/640/480/food",
        "nonVeg": true,
        "spicy": true
    }
]